scenario,transit,iface,site,t0,time_to_alert_s,status
link_down,t1,eth1,a1,1790574361.001,2.367,ok
link_down,t2,eth1,a2,1790574368.575,0.778,ok
link_down,t1,eth2,b1,1790574374.520,0.831,ok
link_down,t2,eth2,b2,1790574380.460,0.889,ok
link_down,t1,eth1,a1,1790574386.589,0.766,ok
link_down,t2,eth1,a2,1790574392.593,0.761,ok
link_down,t1,eth2,b1,1790574398.542,0.806,ok
link_down,t2,eth2,b2,1790574404.456,0.893,ok
link_down,t1,eth1,a1,1790574410.566,0.783,ok
link_down,t2,eth1,a2,1790574416.467,0.881,ok
link_down,t1,eth2,b1,1790574422.586,0.763,ok
link_down,t2,eth2,b2,1790574428.491,0.860,ok
link_down,t1,eth1,a1,1790574434.603,0.748,ok
link_down,t2,eth1,a2,1790574440.537,0.812,ok
link_down,t1,eth2,b1,1790574446.605,0.746,ok
link_down,t2,eth2,b2,1790574452.534,0.836,ok
link_down,t1,eth1,a1,1790574458.504,0.852,ok
link_down,t2,eth1,a2,1790574464.451,0.903,ok
link_down,t1,eth2,b1,1790574470.587,0.764,ok
link_down,t2,eth2,b2,1790574476.514,0.833,ok
bgp_shutdown,t1,eth1,a1,1790574482.474,0.877,ok
bgp_shutdown,t2,eth1,a2,1790574488.428,0.922,ok
bgp_shutdown,t1,eth2,b1,1790574494.572,0.774,ok
bgp_shutdown,t2,eth2,b2,1790574500.517,0.832,ok
bgp_shutdown,t1,eth1,a1,1790574506.439,0.911,ok
bgp_shutdown,t2,eth1,a2,1790574512.568,0.780,ok
bgp_shutdown,t1,eth2,b1,1790574518.521,0.827,ok
bgp_shutdown,t2,eth2,b2,1790574524.454,0.897,ok
bgp_shutdown,t1,eth1,a1,1790574530.593,0.752,ok
bgp_shutdown,t2,eth1,a2,1790574536.534,0.812,ok
bgp_shutdown,t1,eth2,b1,1790574542.465,0.883,ok
bgp_shutdown,t2,eth2,b2,1790574548.594,0.754,ok
bgp_shutdown,t1,eth1,a1,1790574554.533,0.816,ok
bgp_shutdown,t2,eth1,a2,1790574560.469,0.881,ok
bgp_shutdown,t1,eth2,b1,1790574566.590,0.758,ok
bgp_shutdown,t2,eth2,b2,1790574572.591,0.764,ok
bgp_shutdown,t1,eth1,a1,1790574578.549,0.798,ok
bgp_shutdown,t2,eth1,a2,1790574584.492,0.856,ok
bgp_shutdown,t1,eth2,b1,1790574590.427,0.919,ok
bgp_shutdown,t2,eth2,b2,1790574596.558,0.788,ok
silent_loss,t1,eth1,a1,1790574602.484,2.860,ok
silent_loss,t2,eth1,a2,1790574610.528,4.819,ok
silent_loss,t1,eth2,b1,1790574620.542,4.807,ok
silent_loss,t2,eth2,b2,1790574630.550,4.800,ok
silent_loss,t1,eth1,a1,1790574640.574,4.776,ok
silent_loss,t2,eth1,a2,1790574650.653,4.694,ok
silent_loss,t1,eth2,b1,1790574660.530,4.825,ok
silent_loss,t2,eth2,b2,1790574670.553,4.801,ok
silent_loss,t1,eth1,a1,1790574680.611,4.738,ok
silent_loss,t2,eth1,a2,1790574690.438,4.913,ok
silent_loss,t1,eth2,b1,1790574700.474,4.987,ok
silent_loss,t2,eth2,b2,1790574710.860,4.490,ok
silent_loss,t1,eth1,a1,1790574720.477,4.871,ok
silent_loss,t2,eth1,a2,1790574730.500,4.846,ok
silent_loss,t1,eth2,b1,1790574740.513,4.836,ok
silent_loss,t2,eth2,b2,1790574750.532,4.815,ok
silent_loss,t1,eth1,a1,1790574760.518,4.840,ok
silent_loss,t2,eth1,a2,1790574770.553,4.796,ok
silent_loss,t1,eth2,b1,1790574780.584,4.767,ok
silent_loss,t2,eth2,b2,1790574790.587,4.795,ok
